{"cameraMode":{"drawMode":0,"name":"Shaded","section":"Shading Mode"},"sceneLighting":false,"audioPlay":false,"sceneViewState":{"showFog":true,"showMaterialUpdate":false,"showSkybox":true,"showFlares":true,"showImageEffects":true,"showParticleSystems":true},"in2DMode":false,"pivot":{"x":-0.3179889917373657,"y":0.6419992446899414,"z":0.4703986644744873},"rotation":{"x":0.0058138142339885239,"y":0.9929613471031189,"z":0.10464580357074738,"w":-0.05516601353883743},"size":7.680817604064941,"orthographic":false}